{"cameraMode":{"drawMode":0,"name":"Shaded","section":"Shading Mode"},"sceneLighting":false,"audioPlay":true,"sceneViewState":{"m_AlwaysRefresh":false,"showFog":true,"showSkybox":false,"showFlares":true,"showImageEffects":true,"showParticleSystems":true,"showVisualEffectGraphs":true,"m_FxEnabled":true},"in2DMode":false,"pivot":{"x":-0.04467311501502991,"y":0.25065863132476809,"z":0.015999913215637208},"rotation":{"x":-0.24333442747592927,"y":-0.3931627571582794,"z":0.10039485991001129,"w":-0.8810938000679016},"size":0.5663868188858032,"orthographic":false}