{"cameraMode":{"drawMode":0,"name":"Shaded","section":"Shading Mode"},"sceneLighting":false,"audioPlay":false,"sceneViewState":{"m_AlwaysRefresh":false,"showFog":true,"showSkybox":false,"showFlares":true,"showImageEffects":true,"showParticleSystems":true,"showVisualEffectGraphs":true,"m_FxEnabled":true},"in2DMode":false,"pivot":{"x":3.3092575073242189,"y":0.18094854056835175,"z":8.373161315917969},"rotation":{"x":-0.013344266451895237,"y":0.9838242530822754,"z":-0.07649268954992295,"w":-0.16247671842575074},"size":0.37246695160865786,"orthographic":false}