{"cameraMode":{"drawMode":0,"name":"Shaded","section":"Shading Mode"},"sceneLighting":false,"audioPlay":false,"sceneViewState":{"m_AlwaysRefresh":false,"showFog":true,"showSkybox":false,"showFlares":true,"showImageEffects":true,"showParticleSystems":true,"showVisualEffectGraphs":true,"m_FxEnabled":true},"in2DMode":false,"pivot":{"x":0.5337933301925659,"y":1.1881979703903199,"z":1.1723995208740235},"rotation":{"x":-0.0035041687078773977,"y":0.9895323514938355,"z":-0.1429145485162735,"w":-0.020811667665839196},"size":1.1661903858184815,"orthographic":false}