{"cameraMode":{"drawMode":0,"name":"Shaded","section":"Shading Mode"},"sceneLighting":false,"audioPlay":false,"sceneViewState":{"m_AlwaysRefresh":false,"showFog":true,"showSkybox":false,"showFlares":true,"showImageEffects":true,"showParticleSystems":true,"showVisualEffectGraphs":true,"m_FxEnabled":true},"in2DMode":false,"pivot":{"x":0.06819859147071839,"y":0.24651658535003663,"z":-0.2991478741168976},"rotation":{"x":-0.11659691482782364,"y":0.6204586625099182,"z":-0.09305496513843537,"w":-0.7701396942138672},"size":1.6992460489273072,"orthographic":false}