{"cameraMode":{"drawMode":0,"name":"Shaded","section":"Shading Mode"},"sceneLighting":false,"audioPlay":false,"sceneViewState":{"m_AlwaysRefresh":false,"showFog":true,"showSkybox":false,"showFlares":true,"showImageEffects":true,"showParticleSystems":true,"showVisualEffectGraphs":true,"m_FxEnabled":true},"in2DMode":false,"pivot":{"x":3.6359009742736818,"y":0.06118638813495636,"z":19.010456085205079},"rotation":{"x":0.08170374482870102,"y":-0.8320883512496948,"z":0.5304653644561768,"w":0.1427597552537918},"size":0.8665317893028259,"orthographic":false}