{"cameraMode":{"drawMode":0,"name":"Shaded","section":"Shading Mode"},"sceneLighting":false,"audioPlay":true,"sceneViewState":{"m_AlwaysRefresh":false,"showFog":true,"showSkybox":false,"showFlares":true,"showImageEffects":true,"showParticleSystems":true,"showVisualEffectGraphs":true,"m_FxEnabled":true},"in2DMode":false,"pivot":{"x":0.2585655450820923,"y":0.05338252708315849,"z":-0.03548898547887802},"rotation":{"x":-0.29165780544281008,"y":0.024453280493617059,"z":-0.014975370839238167,"w":-0.9561934471130371},"size":1.299748182296753,"orthographic":false}