{"cameraMode":{"drawMode":0,"name":"Shaded","section":"Shading Mode"},"sceneLighting":false,"audioPlay":false,"sceneViewState":{"m_AlwaysRefresh":false,"showFog":true,"showSkybox":false,"showFlares":true,"showImageEffects":true,"showParticleSystems":true,"showVisualEffectGraphs":true,"m_FxEnabled":true},"in2DMode":false,"pivot":{"x":1.316009759902954,"y":0.14124540984630586,"z":-0.028079316020011903},"rotation":{"x":0.11085487902164459,"y":-0.8682194352149963,"z":0.22471125423908235,"w":0.428810179233551},"size":1.4115012884140015,"orthographic":false}