{"cameraMode":{"drawMode":0,"name":"Shaded","section":"Shading Mode"},"sceneLighting":false,"audioPlay":false,"sceneViewState":{"m_AlwaysRefresh":false,"showFog":true,"showSkybox":false,"showFlares":true,"showImageEffects":true,"showParticleSystems":true,"showVisualEffectGraphs":true,"m_FxEnabled":true},"in2DMode":false,"pivot":{"x":-8.940696716308594e-8,"y":0.2624956965446472,"z":3.8743019104003908e-7},"rotation":{"x":-0.013344266451895237,"y":0.9838242530822754,"z":-0.07649268954992295,"w":-0.16247671842575074},"size":0.33672887086868288,"orthographic":false}