{"cameraMode":{"drawMode":0,"name":"Shaded","section":"Shading Mode"},"sceneLighting":false,"audioPlay":false,"sceneViewState":{"m_AlwaysRefresh":false,"showFog":true,"showSkybox":false,"showFlares":true,"showImageEffects":true,"showParticleSystems":true,"showVisualEffectGraphs":true,"m_FxEnabled":true},"in2DMode":false,"pivot":{"x":-1.1450713872909547,"y":0.22776919603347779,"z":-0.05523132160305977},"rotation":{"x":-0.14984673261642457,"y":0.5686535239219666,"z":-0.10539890825748444,"w":-0.8021276593208313},"size":1.3117257356643677,"orthographic":false}