{"cameraMode":{"drawMode":0,"name":"Shaded","section":"Shading Mode"},"sceneLighting":false,"audioPlay":true,"sceneViewState":{"m_AlwaysRefresh":false,"showFog":true,"showSkybox":false,"showFlares":true,"showImageEffects":true,"showParticleSystems":true,"showVisualEffectGraphs":true,"m_FxEnabled":true},"in2DMode":false,"pivot":{"x":-1.8416998386383057,"y":0.007127225399017334,"z":31.097850799560548},"rotation":{"x":-0.28916987776756289,"y":-0.028629394248127939,"z":0.0011405630502849818,"w":-0.9569493532180786},"size":1.0425153970718384,"orthographic":false}