{"cameraMode":{"drawMode":0,"name":"Shaded","section":"Shading Mode"},"sceneLighting":false,"audioPlay":false,"sceneViewState":{"m_AlwaysRefresh":false,"showFog":true,"showSkybox":false,"showFlares":true,"showImageEffects":true,"showParticleSystems":true,"showVisualEffectGraphs":true,"m_FxEnabled":true},"in2DMode":false,"pivot":{"x":0.0657157301902771,"y":0.36465469002723696,"z":-0.03383612632751465},"rotation":{"x":0.05112786591053009,"y":-0.9236416220664978,"z":0.13000108301639558,"w":0.35771438479423525},"size":0.7537543177604675,"orthographic":false}