{"cameraMode":{"drawMode":0,"name":"Shaded","section":"Shading Mode"},"sceneLighting":false,"audioPlay":false,"sceneViewState":{"m_AlwaysRefresh":false,"showFog":true,"showSkybox":false,"showFlares":true,"showImageEffects":true,"showParticleSystems":true,"showVisualEffectGraphs":true,"m_FxEnabled":true},"in2DMode":false,"pivot":{"x":0.20275557041168214,"y":1.9020347595214844,"z":-0.3511824607849121},"rotation":{"x":-0.09985517710447312,"y":0.8787858486175537,"z":-0.20838040113449098,"w":-0.41822728514671328},"size":6.221163749694824,"orthographic":false}