{"cameraMode":{"drawMode":0,"name":"Shaded","section":"Shading Mode"},"sceneLighting":false,"audioPlay":false,"sceneViewState":{"m_AlwaysRefresh":false,"showFog":true,"showSkybox":false,"showFlares":true,"showImageEffects":true,"showParticleSystems":true,"showVisualEffectGraphs":true,"m_FxEnabled":true},"in2DMode":false,"pivot":{"x":0.1153712272644043,"y":1.462445855140686,"z":0.5203852653503418},"rotation":{"x":-0.02639050967991352,"y":-0.9458563923835754,"z":0.08188404142856598,"w":-0.31393173336982729},"size":1.541394829750061,"orthographic":false}