{"cameraMode":{"drawMode":0,"name":"Shaded","section":"Shading Mode"},"sceneLighting":false,"audioPlay":false,"sceneViewState":{"m_AlwaysRefresh":false,"showFog":true,"showSkybox":false,"showFlares":true,"showImageEffects":true,"showParticleSystems":true,"showVisualEffectGraphs":true,"m_FxEnabled":true},"in2DMode":false,"pivot":{"x":0.08846402168273926,"y":0.9145587682723999,"z":0.33031749725341799},"rotation":{"x":-0.016601890325546266,"y":0.8609285950660706,"z":0.028154339641332628,"w":0.5076773166656494},"size":1.3193877935409547,"orthographic":false}