{"cameraMode":{"drawMode":0,"name":"Shaded","section":"Shading Mode"},"sceneLighting":false,"audioPlay":false,"sceneViewState":{"m_AlwaysRefresh":false,"showFog":true,"showSkybox":false,"showFlares":true,"showImageEffects":true,"showParticleSystems":true,"showVisualEffectGraphs":true,"m_FxEnabled":true},"in2DMode":false,"pivot":{"x":-0.5386027097702026,"y":0.5186380743980408,"z":0.8861815929412842},"rotation":{"x":-0.03205221891403198,"y":0.9571238160133362,"z":-0.11507197469472885,"w":-0.26488763093948367},"size":1.2350636720657349,"orthographic":false}