{"cameraMode":{"drawMode":0,"name":"Shaded","section":"Shading Mode"},"sceneLighting":false,"audioPlay":false,"sceneViewState":{"m_AlwaysRefresh":false,"showFog":true,"showSkybox":false,"showFlares":true,"showImageEffects":true,"showParticleSystems":true,"showVisualEffectGraphs":true,"m_FxEnabled":true},"in2DMode":false,"pivot":{"x":-2.6737616062164308,"y":35.74099349975586,"z":-44.383056640625},"rotation":{"x":0.2708977162837982,"y":0.0004217966925352812,"z":-0.0007616439834237099,"w":0.9630427360534668},"size":7.812922477722168,"orthographic":false}