{"cameraMode":{"drawMode":0,"name":"Shaded","section":"Shading Mode"},"sceneLighting":false,"audioPlay":false,"sceneViewState":{"m_AlwaysRefresh":false,"showFog":true,"showSkybox":false,"showFlares":true,"showImageEffects":true,"showParticleSystems":true,"showVisualEffectGraphs":true,"m_FxEnabled":true},"in2DMode":false,"pivot":{"x":19.852731704711915,"y":27.93975067138672,"z":-14.236347198486329},"rotation":{"x":-0.32689735293388369,"y":0.20549359917640687,"z":-0.07258075475692749,"w":-0.9197258353233337},"size":1.2391928434371949,"orthographic":false}