{"cameraMode":{"drawMode":0,"name":"Shaded","section":"Shading Mode"},"sceneLighting":false,"audioPlay":true,"sceneViewState":{"m_AlwaysRefresh":false,"showFog":true,"showSkybox":false,"showFlares":true,"showImageEffects":true,"showParticleSystems":true,"showVisualEffectGraphs":true,"m_FxEnabled":true},"in2DMode":false,"pivot":{"x":1.9983868598937989,"y":0.08116406202316284,"z":7.714600086212158},"rotation":{"x":0.19494909048080445,"y":-0.42944496870040896,"z":0.10364621877670288,"w":0.8759937882423401},"size":0.3526548147201538,"orthographic":false}