{"cameraMode":{"drawMode":0,"name":"Shaded","section":"Shading Mode"},"sceneLighting":false,"audioPlay":true,"sceneViewState":{"m_AlwaysRefresh":false,"showFog":true,"showSkybox":false,"showFlares":true,"showImageEffects":true,"showParticleSystems":true,"showVisualEffectGraphs":true,"m_FxEnabled":true},"in2DMode":false,"pivot":{"x":0.5587199330329895,"y":1.0610301494598389,"z":0.8071570992469788},"rotation":{"x":0.23561498522758485,"y":-0.6493386030197144,"z":0.23347245156764985,"w":0.6847047805786133},"size":0.7476210594177246,"orthographic":false}