{"cameraMode":{"drawMode":0,"name":"Shaded","section":"Shading Mode"},"sceneLighting":false,"audioPlay":false,"sceneViewState":{"m_AlwaysRefresh":false,"showFog":true,"showSkybox":false,"showFlares":true,"showImageEffects":true,"showParticleSystems":true,"showVisualEffectGraphs":true,"m_FxEnabled":true},"in2DMode":false,"pivot":{"x":0.36781537532806399,"y":2.7457127571105959,"z":1.602860927581787},"rotation":{"x":0.24105441570281983,"y":0.41684433817863467,"z":-0.11561332643032074,"w":0.868899941444397},"size":1.5761661529541016,"orthographic":false}