{"cameraMode":{"drawMode":0,"name":"Shaded","section":"Shading Mode"},"sceneLighting":false,"audioPlay":false,"sceneViewState":{"m_AlwaysRefresh":false,"showFog":true,"showSkybox":false,"showFlares":true,"showImageEffects":true,"showParticleSystems":true,"showVisualEffectGraphs":true,"m_FxEnabled":true},"in2DMode":false,"pivot":{"x":-9.855724334716797,"y":0.9427419304847717,"z":12.989971160888672},"rotation":{"x":-0.013344266451895237,"y":0.9838242530822754,"z":-0.07649268954992295,"w":-0.16247671842575074},"size":0.5521087050437927,"orthographic":false}