{"cameraMode":{"drawMode":0,"name":"Shaded","section":"Shading Mode"},"sceneLighting":false,"audioPlay":false,"sceneViewState":{"m_AlwaysRefresh":false,"showFog":true,"showSkybox":false,"showFlares":true,"showImageEffects":true,"showParticleSystems":true,"showVisualEffectGraphs":true,"m_FxEnabled":true},"in2DMode":false,"pivot":{"x":6.095012664794922,"y":1.082188606262207,"z":24.291250228881837},"rotation":{"x":-0.013344266451895237,"y":0.9838242530822754,"z":-0.07649268954992295,"w":-0.16247671842575074},"size":2.193120241165161,"orthographic":false}