{"cameraMode":{"drawMode":0,"name":"Shaded","section":"Shading Mode"},"sceneLighting":false,"audioPlay":false,"sceneViewState":{"m_AlwaysRefresh":false,"showFog":true,"showSkybox":false,"showFlares":true,"showImageEffects":true,"showParticleSystems":true,"showVisualEffectGraphs":true,"m_FxEnabled":true},"in2DMode":false,"pivot":{"x":-1.7082184553146363,"y":1.2980679273605347,"z":0.41657355427742007},"rotation":{"x":0.11036259680986405,"y":0.8540199995040894,"z":-0.20331299304962159,"w":0.46601858735084536},"size":1.920807123184204,"orthographic":false}