{"cameraMode":{"drawMode":0,"name":"Shaded","section":"Shading Mode"},"sceneLighting":false,"audioPlay":false,"sceneViewState":{"m_AlwaysRefresh":false,"showFog":true,"showSkybox":false,"showFlares":true,"showImageEffects":true,"showParticleSystems":true,"showVisualEffectGraphs":true,"m_FxEnabled":true},"in2DMode":false,"pivot":{"x":0.7654909491539002,"y":0.31704089045524599,"z":-0.9199931025505066},"rotation":{"x":0.09195650368928909,"y":0.8809148073196411,"z":-0.19299952685832978,"w":0.4222845733165741},"size":1.920807123184204,"orthographic":false}