{"cameraMode":{"drawMode":0,"name":"Shaded","section":"Shading Mode"},"sceneLighting":true,"audioPlay":false,"sceneViewState":{"m_AlwaysRefresh":false,"showFog":true,"showSkybox":true,"showFlares":true,"showImageEffects":true,"showParticleSystems":true,"showVisualEffectGraphs":true,"m_FxEnabled":true},"in2DMode":false,"pivot":{"x":3.795468330383301,"y":2.9909117221832277,"z":3.9921319484710695},"rotation":{"x":0.05251837894320488,"y":-0.9265576601028442,"z":0.1412145346403122,"w":0.34531527757644656},"size":0.8710264563560486,"orthographic":false}