{"cameraMode":{"drawMode":0,"name":"Shaded","section":"Shading Mode"},"sceneLighting":false,"audioPlay":false,"sceneViewState":{"m_AlwaysRefresh":false,"showFog":true,"showSkybox":false,"showFlares":true,"showImageEffects":true,"showParticleSystems":true,"showVisualEffectGraphs":true,"m_FxEnabled":true},"in2DMode":false,"pivot":{"x":-5.960464477539063e-8,"y":0.44380810856819155,"z":0.09461915493011475},"rotation":{"x":0.05039234459400177,"y":-0.8128136992454529,"z":0.06972769647836685,"w":0.5766450762748718},"size":1.1142630577087403,"orthographic":false}