{"cameraMode":{"drawMode":0,"name":"Shaded","section":"Shading Mode"},"sceneLighting":false,"audioPlay":false,"sceneViewState":{"m_AlwaysRefresh":false,"showFog":true,"showSkybox":false,"showFlares":true,"showImageEffects":true,"showParticleSystems":true,"showVisualEffectGraphs":true,"m_FxEnabled":true},"in2DMode":false,"pivot":{"x":1.5335073471069337,"y":-0.18827606737613679,"z":6.522530555725098},"rotation":{"x":-0.11659691482782364,"y":0.6204586625099182,"z":-0.09305496513843537,"w":-0.7701396942138672},"size":0.1821928173303604,"orthographic":false}