{"cameraMode":{"drawMode":0,"name":"Shaded","section":"Shading Mode"},"sceneLighting":false,"audioPlay":false,"sceneViewState":{"m_AlwaysRefresh":false,"showFog":true,"showSkybox":false,"showFlares":true,"showImageEffects":true,"showParticleSystems":true,"showVisualEffectGraphs":true,"m_FxEnabled":true},"in2DMode":false,"pivot":{"x":1.3313359022140504,"y":0.6810568571090698,"z":-0.366463840007782},"rotation":{"x":-0.040602024644613269,"y":-0.8286527991294861,"z":0.06194622814655304,"w":-0.5553745627403259},"size":1.4115012884140015,"orthographic":false}