{"cameraMode":{"drawMode":0,"name":"Shaded","section":"Shading Mode"},"sceneLighting":false,"audioPlay":false,"sceneViewState":{"m_AlwaysRefresh":false,"showFog":true,"showSkybox":false,"showFlares":true,"showImageEffects":true,"showParticleSystems":true,"showVisualEffectGraphs":true,"m_FxEnabled":true},"in2DMode":false,"pivot":{"x":-0.10487699508666992,"y":2.749598979949951,"z":0.18165230751037599},"rotation":{"x":0.21966923773288728,"y":0.21693341434001923,"z":-0.04750344529747963,"w":0.9501368403434753},"size":4.673837661743164,"orthographic":false}