{"cameraMode":{"drawMode":0,"name":"Shaded","section":"Shading Mode"},"sceneLighting":false,"audioPlay":true,"sceneViewState":{"m_AlwaysRefresh":false,"showFog":true,"showSkybox":false,"showFlares":true,"showImageEffects":true,"showParticleSystems":true,"showVisualEffectGraphs":true,"m_FxEnabled":true},"in2DMode":false,"pivot":{"x":1.414951205253601,"y":0.33193662762641909,"z":0.15075117349624635},"rotation":{"x":-0.2013159692287445,"y":0.14846563339233399,"z":-0.03832051530480385,"w":-0.9675467610359192},"size":1.3865911960601807,"orthographic":false}