{"cameraMode":{"drawMode":0,"name":"Shaded","section":"Shading Mode"},"sceneLighting":false,"audioPlay":false,"sceneViewState":{"m_AlwaysRefresh":false,"showFog":true,"showSkybox":false,"showFlares":true,"showImageEffects":true,"showParticleSystems":true,"showVisualEffectGraphs":true,"m_FxEnabled":true},"in2DMode":false,"pivot":{"x":-0.2188768982887268,"y":0.16881665587425233,"z":0.1959874927997589},"rotation":{"x":0.10256219655275345,"y":0.24099242687225343,"z":-0.02561657689511776,"w":0.9647688269615173},"size":0.29305747151374819,"orthographic":false}