{"cameraMode":{"drawMode":0,"name":"Shaded","section":"Shading Mode"},"sceneLighting":false,"audioPlay":false,"sceneViewState":{"m_AlwaysRefresh":false,"showFog":true,"showSkybox":false,"showFlares":true,"showImageEffects":true,"showParticleSystems":true,"showVisualEffectGraphs":true,"m_FxEnabled":true},"in2DMode":false,"pivot":{"x":-5.267222881317139,"y":-0.11693602800369263,"z":3.4949209690093996},"rotation":{"x":-0.3079034984111786,"y":0.26112696528434756,"z":-0.08789189904928208,"w":-0.9110872149467468},"size":18.513931274414064,"orthographic":false}