{"cameraMode":{"drawMode":0,"name":"Shaded","section":"Shading Mode"},"sceneLighting":false,"audioPlay":false,"sceneViewState":{"m_AlwaysRefresh":false,"showFog":true,"showSkybox":false,"showFlares":true,"showImageEffects":true,"showParticleSystems":true,"showVisualEffectGraphs":true,"m_FxEnabled":true},"in2DMode":false,"pivot":{"x":-0.14809896051883698,"y":-0.35032832622528078,"z":6.292469024658203},"rotation":{"x":0.21124935150146485,"y":-0.11461960524320603,"z":0.02753944881260395,"w":0.9704691171646118},"size":6.701369285583496,"orthographic":false}