{"cameraMode":{"drawMode":0,"name":"Shaded","section":"Shading Mode"},"sceneLighting":false,"audioPlay":false,"sceneViewState":{"m_AlwaysRefresh":false,"showFog":true,"showSkybox":false,"showFlares":true,"showImageEffects":true,"showParticleSystems":true,"showVisualEffectGraphs":true,"m_FxEnabled":true},"in2DMode":false,"pivot":{"x":1.8430792093276978,"y":0.5653307437896729,"z":0.41483166813850405},"rotation":{"x":-0.27669477462768557,"y":0.3115319013595581,"z":-0.09461911767721176,"w":-0.9043077826499939},"size":1.5240399837493897,"orthographic":false}