{"cameraMode":{"drawMode":0,"name":"Shaded","section":"Shading Mode"},"sceneLighting":false,"audioPlay":true,"sceneViewState":{"m_AlwaysRefresh":false,"showFog":true,"showSkybox":false,"showFlares":true,"showImageEffects":true,"showParticleSystems":true,"showVisualEffectGraphs":true,"m_FxEnabled":true},"in2DMode":false,"pivot":{"x":3.5762786865234377e-7,"y":0.4058995842933655,"z":2.980232238769531e-7},"rotation":{"x":0.19494909048080445,"y":-0.42944496870040896,"z":0.10364621877670288,"w":0.8759937882423401},"size":0.7847067713737488,"orthographic":false}