{"cameraMode":{"drawMode":0,"name":"Shaded","section":"Shading Mode"},"sceneLighting":false,"audioPlay":false,"sceneViewState":{"m_AlwaysRefresh":false,"showFog":true,"showSkybox":false,"showFlares":true,"showImageEffects":true,"showParticleSystems":true,"showVisualEffectGraphs":true,"m_FxEnabled":true},"in2DMode":false,"pivot":{"x":-0.09744036942720413,"y":0.05033009126782417,"z":0.14359869062900544},"rotation":{"x":-0.30898454785346987,"y":0.1688726544380188,"z":-0.05516365170478821,"w":-0.9345081448554993},"size":0.8308927416801453,"orthographic":false}