{"cameraMode":{"drawMode":0,"name":"Shaded","section":"Shading Mode"},"sceneLighting":false,"audioPlay":false,"sceneViewState":{"m_AlwaysRefresh":false,"showFog":true,"showSkybox":false,"showFlares":true,"showImageEffects":true,"showParticleSystems":true,"showVisualEffectGraphs":true,"m_FxEnabled":true},"in2DMode":false,"pivot":{"x":0.6152873635292053,"y":0.4485792815685272,"z":-0.18462973833084107},"rotation":{"x":-0.07321593165397644,"y":-0.8792935609817505,"z":0.13723409175872804,"w":-0.45052793622016909},"size":1.2350636720657349,"orthographic":false}