{"cameraMode":{"drawMode":0,"name":"Shaded","section":"Shading Mode"},"sceneLighting":false,"audioPlay":false,"sceneViewState":{"m_AlwaysRefresh":false,"showFog":true,"showSkybox":false,"showFlares":true,"showImageEffects":true,"showParticleSystems":true,"showVisualEffectGraphs":true,"m_FxEnabled":true},"in2DMode":false,"pivot":{"x":-0.6222008466720581,"y":0.7118362188339233,"z":-0.9039947986602783},"rotation":{"x":-0.033682867884635928,"y":0.9272987842559815,"z":-0.08656692504882813,"w":-0.3631385564804077},"size":1.2556625604629517,"orthographic":false}