{"cameraMode":{"drawMode":0,"name":"Shaded","section":"Shading Mode"},"sceneLighting":false,"audioPlay":false,"sceneViewState":{"m_AlwaysRefresh":false,"showFog":true,"showSkybox":false,"showFlares":true,"showImageEffects":true,"showParticleSystems":true,"showVisualEffectGraphs":true,"m_FxEnabled":true},"in2DMode":false,"pivot":{"x":0.025410067290067674,"y":0.8081634640693665,"z":0.1578475385904312},"rotation":{"x":-0.046261582523584369,"y":0.9187507629394531,"z":-0.11366499215364456,"w":-0.37578922510147097},"size":1.2556625604629517,"orthographic":false}