{"cameraMode":{"drawMode":0,"name":"Shaded","section":"Shading Mode"},"sceneLighting":false,"audioPlay":false,"sceneViewState":{"m_AlwaysRefresh":false,"showFog":true,"showSkybox":false,"showFlares":true,"showImageEffects":true,"showParticleSystems":true,"showVisualEffectGraphs":true,"m_FxEnabled":true},"in2DMode":false,"pivot":{"x":2.9118332862854006,"y":0.2421499490737915,"z":-4.465635776519775},"rotation":{"x":0.07169470191001892,"y":0.4802585542201996,"z":-0.03942315652966499,"w":0.8733202815055847},"size":2.3713321685791017,"orthographic":false}