{"cameraMode":{"drawMode":0,"name":"Shaded","section":"Shading Mode"},"sceneLighting":false,"audioPlay":false,"sceneViewState":{"m_AlwaysRefresh":false,"showFog":true,"showSkybox":false,"showFlares":true,"showImageEffects":true,"showParticleSystems":true,"showVisualEffectGraphs":true,"m_FxEnabled":true},"in2DMode":false,"pivot":{"x":-1.5461585521697999,"y":-0.4468085467815399,"z":-1.1039100885391236},"rotation":{"x":0.10365660488605499,"y":-0.8513413071632385,"z":0.18161967396736146,"w":0.48174282908439639},"size":1.4115012884140015,"orthographic":false}