{"cameraMode":{"drawMode":0,"name":"Shaded","section":"Shading Mode"},"sceneLighting":false,"audioPlay":true,"sceneViewState":{"m_AlwaysRefresh":false,"showFog":true,"showSkybox":false,"showFlares":true,"showImageEffects":true,"showParticleSystems":true,"showVisualEffectGraphs":true,"m_FxEnabled":true},"in2DMode":false,"pivot":{"x":3.364701986312866,"y":0.0508236326277256,"z":5.650049209594727},"rotation":{"x":-0.28916987776756289,"y":-0.028629394248127939,"z":0.0011405630502849818,"w":-0.9569493532180786},"size":0.2219953089952469,"orthographic":false}