{"cameraMode":{"drawMode":0,"name":"Shaded","section":"Shading Mode"},"sceneLighting":false,"audioPlay":false,"sceneViewState":{"m_AlwaysRefresh":false,"showFog":true,"showSkybox":false,"showFlares":true,"showImageEffects":true,"showParticleSystems":true,"showVisualEffectGraphs":true,"m_FxEnabled":true},"in2DMode":false,"pivot":{"x":6.465734958648682,"y":-3.9205856323242189,"z":-0.7314519882202148},"rotation":{"x":-0.3522467017173767,"y":0.024463213980197908,"z":-0.011394420638680458,"w":-0.9356171488761902},"size":7.277304649353027,"orthographic":false}