{"cameraMode":{"drawMode":0,"name":"Shaded","section":"Shading Mode"},"sceneLighting":false,"audioPlay":true,"sceneViewState":{"m_AlwaysRefresh":false,"showFog":true,"showSkybox":false,"showFlares":true,"showImageEffects":true,"showParticleSystems":true,"showVisualEffectGraphs":true,"m_FxEnabled":true},"in2DMode":false,"pivot":{"x":8.980769157409668,"y":0.2100003957748413,"z":13.801816940307618},"rotation":{"x":0.19494909048080445,"y":-0.42944496870040896,"z":0.10364621877670288,"w":0.8759937882423401},"size":0.9534386992454529,"orthographic":false}