{"cameraMode":{"drawMode":0,"name":"Shaded","section":"Shading Mode"},"sceneLighting":false,"audioPlay":false,"sceneViewState":{"m_AlwaysRefresh":false,"showFog":true,"showSkybox":false,"showFlares":true,"showImageEffects":true,"showParticleSystems":true,"showVisualEffectGraphs":true,"m_FxEnabled":true},"in2DMode":false,"pivot":{"x":-0.5433652400970459,"y":2.5115833282470705,"z":2.7607171535491945},"rotation":{"x":0.33995679020881655,"y":-0.03638334199786186,"z":0.013170449994504452,"w":0.9397470355033875},"size":0.25848719477653506,"orthographic":false}