{"cameraMode":{"drawMode":0,"name":"Shaded","section":"Shading Mode"},"sceneLighting":false,"audioPlay":false,"sceneViewState":{"m_AlwaysRefresh":false,"showFog":true,"showSkybox":false,"showFlares":true,"showImageEffects":true,"showParticleSystems":true,"showVisualEffectGraphs":true,"m_FxEnabled":true},"in2DMode":false,"pivot":{"x":1.5323399305343629,"y":-0.7174932360649109,"z":-0.4067435562610626},"rotation":{"x":-0.18932567536830903,"y":-0.7491486072540283,"z":0.23638994991779328,"w":-0.5893884897232056},"size":2.2447407245635988,"orthographic":false}