{"cameraMode":{"drawMode":0,"name":"Shaded","section":"Shading Mode"},"sceneLighting":false,"audioPlay":false,"sceneViewState":{"m_AlwaysRefresh":false,"showFog":true,"showSkybox":false,"showFlares":true,"showImageEffects":true,"showParticleSystems":true,"showVisualEffectGraphs":true,"m_FxEnabled":true},"in2DMode":false,"pivot":{"x":0.36971327662467959,"y":0.5187953114509583,"z":0.5497244596481323},"rotation":{"x":0.21522368490695954,"y":-0.027193062007427217,"z":0.00493015069514513,"w":0.9764864444732666},"size":1.7530279159545899,"orthographic":false}