{"cameraMode":{"drawMode":0,"name":"Shaded","section":"Shading Mode"},"sceneLighting":false,"audioPlay":false,"sceneViewState":{"m_AlwaysRefresh":false,"showFog":true,"showSkybox":false,"showFlares":true,"showImageEffects":true,"showParticleSystems":true,"showVisualEffectGraphs":true,"m_FxEnabled":true},"in2DMode":false,"pivot":{"x":6.709095478057861,"y":-16.353105545043947,"z":32.63869857788086},"rotation":{"x":-0.30755066871643069,"y":-0.05572613328695297,"z":0.016024243086576463,"w":-0.9498377442359924},"size":20.862525939941408,"orthographic":false}