{"cameraMode":{"drawMode":0,"name":"Shaded","section":"Shading Mode"},"sceneLighting":false,"audioPlay":false,"sceneViewState":{"m_AlwaysRefresh":false,"showFog":true,"showSkybox":false,"showFlares":true,"showImageEffects":true,"showParticleSystems":true,"showVisualEffectGraphs":true,"m_FxEnabled":true},"in2DMode":false,"pivot":{"x":1.0694947242736817,"y":1.093178391456604,"z":0.3947761356830597},"rotation":{"x":-0.08186013996601105,"y":0.8449132442474365,"z":-0.13316909968852998,"w":-0.5121554732322693},"size":1.4115012884140015,"orthographic":false}