{"cameraMode":{"drawMode":0,"name":"Shaded","section":"Shading Mode"},"sceneLighting":false,"audioPlay":false,"sceneViewState":{"m_AlwaysRefresh":false,"showFog":true,"showSkybox":false,"showFlares":true,"showImageEffects":true,"showParticleSystems":true,"showVisualEffectGraphs":true,"m_FxEnabled":true},"in2DMode":false,"pivot":{"x":-0.6108523011207581,"y":1.2666759490966797,"z":0.751065194606781},"rotation":{"x":0.06948872655630112,"y":-0.9189947247505188,"z":0.18691328167915345,"w":0.34086892008781435},"size":1.4115008115768433,"orthographic":false}