{"cameraMode":{"drawMode":0,"name":"Shaded","section":"Shading Mode"},"sceneLighting":false,"audioPlay":false,"sceneViewState":{"m_AlwaysRefresh":false,"showFog":true,"showSkybox":false,"showFlares":true,"showImageEffects":true,"showParticleSystems":true,"showVisualEffectGraphs":true,"m_FxEnabled":true},"in2DMode":false,"pivot":{"x":2.4967315196990969,"y":0.13542503118515016,"z":6.796942710876465},"rotation":{"x":-0.30898454785346987,"y":0.1688726544380188,"z":-0.05516365170478821,"w":-0.9345081448554993},"size":0.47313517332077029,"orthographic":false}